{
  "tours": [
    {
      "id": "1",
      "nombre": "Tour por las Iglesias",
      "descripcion": "Explora las iglesias históricas más emblemáticas",
      "tipo": "Exploración",
      "ciudad": "Cuenca",
      "fechaInicio": "10/04/2024",
      "fechaFin": "12/04/2024",
      "duracion": "2 días",
      "maxParticipantes": 5,
      "imagen": "https://i.pinimg.com/736x/c0/c9/f2/c0c9f2827d064ccf0849e9d624b01411.jpg",
      "precio": 50
    },
    {
      "id": "2",
      "nombre": "Tour Quilotoa",
      "descripcion": "Explora la maravillosa laguna del Quilotoa",
      "tipo": "Volcán",
      "ciudad": "Latacunga",
      "fechaInicio": "10/04/2024",
      "fechaFin": "12/04/2024",
      "duracion": "2 días",
      "maxParticipantes": 8,
      "imagen": "https://i.ytimg.com/vi/OaOQ_uO2VNE/maxresdefault.jpg",
      "precio": 50
    },
    {
      "id": "a857609e-8706-4d7d-aa37-09babacebae8",
      "name": "Tour-Quilotoa",
      "price": "30",
      "image": "https://res.cloudinary.com/debifo1oh/image/upload/v1732562746/tours/eyjksgwapkpifny1kbfq.jpg"
    },
    {
      "id": "7304cc30-784c-45dd-a291-163cbc2812b2",
      "name": "Tour-Quilotoa",
      "price": "30",
      "imagen": "https://res.cloudinary.com/debifo1oh/image/upload/v1732563784/tours/f0wrhrauy8cuagmynvhj.jpg"
    },
    {
      "id": "83047935-0dbc-4022-8546-2082cf487053",
      "name": "Simpsons",
      "price": "20",
      "imagen": "https://res.cloudinary.com/debifo1oh/image/upload/v1732564032/tours/mte1l7wuba2h8u0htsrj.jpg"
    }
  ],
  "users": [
    {
      "id": "f319c13f-e7aa-48c1-9d26-9b5d5e7050a6",
      "password": "$2b$10$FlbTUh6zwPvUaqG0.QWDguvi0Yxsp2ihXYV17f/2CpTgEbRKa7qau",
      "name": "Byron",
      "username": "Byron"
    }
  ]
}